DiseaseID	DrugCID
UMLS:C0001206	155903738
UMLS:C0001206	44311916
UMLS:C0001206	86289069
UMLS:C0001206	90488715
UMLS:C0001206	28864
UMLS:C0001206	383414
UMLS:C0001206	31101
UMLS:C0001206	448601
UMLS:C0001206	44420813
UMLS:C0001206	6400441
UMLS:C0001622	9941444
UMLS:C0001622	656583
UMLS:C0001622	456201
UMLS:C0001622	47576
UMLS:C0001622	3823
UMLS:C0001622	5702077
UMLS:C0001622	73951506
UMLS:C0001627	6741
UMLS:C0001627	9782
UMLS:C0001627	31307
UMLS:C0001627	5755
UMLS:C0002170	4201
UMLS:C0002171	31307
UMLS:C0002395	77991
UMLS:C0002395	3152
UMLS:C0002395	9651
UMLS:C0002726	12035
UMLS:C0002726	5862
UMLS:C0002736	5070
UMLS:C0002880	31307
UMLS:C0002880	5755
UMLS:C0002880	5865
UMLS:C0002880	6741
UMLS:C0002880	9782
UMLS:C0002880	5743
UMLS:C0002880	5754
UMLS:C0002888	135403648
UMLS:C0002892	44176380
UMLS:C0002892	54605677
UMLS:C0002892	70678590
UMLS:C0002892	6474318
UMLS:C0002892	1130
UMLS:C0003175	54671203
UMLS:C0003175	4583
UMLS:C0003175	4539
UMLS:C0003175	5904
UMLS:C0003175	149096
UMLS:C0003175	2764
UMLS:C0003615	123630
UMLS:C0003615	43672
UMLS:C0003850	60823
UMLS:C0003850	446155
UMLS:C0003850	23663976
UMLS:C0003850	37888681
UMLS:C0003850	53232
UMLS:C0003850	54687
UMLS:C0003850	54454
UMLS:C0003864	54677971
UMLS:C0003872	5865
UMLS:C0003872	9782
UMLS:C0003872	5743
UMLS:C0003872	6741
UMLS:C0003872	5754
UMLS:C0003872	31307
UMLS:C0003872	3899
UMLS:C0003872	5755
UMLS:C0003873	5852
UMLS:C0003873	3715
UMLS:C0003873	6918453
UMLS:C0003873	4409
UMLS:C0003873	1548887
UMLS:C0003873	2244
UMLS:C0003873	5509
UMLS:C0003873	3899
UMLS:C0003873	3059
UMLS:C0003873	5468
UMLS:C0003873	3394
UMLS:C0003873	3672
UMLS:C0003873	54676228
UMLS:C0003873	5754
UMLS:C0003873	4037
UMLS:C0003873	3825
UMLS:C0003873	2719
UMLS:C0003873	126941
UMLS:C0003873	5755
UMLS:C0003873	6333901
UMLS:C0003873	2662
UMLS:C0003873	3652
UMLS:C0003873	31307
UMLS:C0003873	3033
UMLS:C0003873	3308
UMLS:C0003873	156391
UMLS:C0003873	6741
UMLS:C0003873	3342
UMLS:C0003873	54677470
UMLS:C0003873	5339
UMLS:C0003873	5284373
UMLS:C0003873	2265
UMLS:C0003873	4614
UMLS:C0003873	5865
UMLS:C0003873	5743
UMLS:C0003873	9782
UMLS:C0004030	3793
UMLS:C0004030	45039617
UMLS:C0004030	6917738
UMLS:C0004030	14179013
UMLS:C0004030	55283
UMLS:C0004030	14179008
UMLS:C0004030	468595
UMLS:C0004096	5717
UMLS:C0004096	5755
UMLS:C0004096	5281004
UMLS:C0004096	5865
UMLS:C0004096	3182
UMLS:C0004096	2153
UMLS:C0004096	82153
UMLS:C0004096	5311066
UMLS:C0004096	5743
UMLS:C0004096	439260
UMLS:C0004096	3671
UMLS:C0004096	5403
UMLS:C0004096	5754
UMLS:C0004096	4086
UMLS:C0004096	4845
UMLS:C0004096	9854489
UMLS:C0004096	50294
UMLS:C0004096	6741
UMLS:C0004096	5816
UMLS:C0004096	31307
UMLS:C0004096	4887
UMLS:C0004096	6918155
UMLS:C0004096	9782
UMLS:C0004238	3108
UMLS:C0004238	39186
UMLS:C0004238	4946
UMLS:C0004238	2520
UMLS:C0004238	59768
UMLS:C0004238	2724385
UMLS:C0004245	3779
UMLS:C0004364	31307
UMLS:C0004364	6741
UMLS:C0004364	5865
UMLS:C0004364	5755
UMLS:C0004364	5754
UMLS:C0004364	9782
UMLS:C0004626	6032
UMLS:C0004626	5479530
UMLS:C0004626	43672
UMLS:C0004626	5481173
UMLS:C0004626	152946
UMLS:C0004626	54671203
UMLS:C0004626	37768
UMLS:C0004626	5484131
UMLS:C0004626	84029
UMLS:C0004626	23679441
UMLS:C0004626	46173365
UMLS:C0004626	2650
UMLS:C0004626	53025
UMLS:C0004626	133687818
UMLS:C0004626	33255
UMLS:C0004626	447043
UMLS:C0004626	150610
UMLS:C0004626	66509024
UMLS:C0004626	5479537
UMLS:C0004626	5491295
UMLS:C0004626	16726873
UMLS:C0004626	44298077
UMLS:C0004626	6435415
UMLS:C0004626	9570985
UMLS:C0004626	123630
UMLS:C0004626	91713
UMLS:C0004626	5479529
UMLS:C0004626	5379
UMLS:C0004626	4583
UMLS:C0004626	29980780
UMLS:C0004626	72938
UMLS:C0004626	5464436
UMLS:C0004626	9571107
UMLS:C0004626	4539
UMLS:C0004626	33613
UMLS:C0004626	3467
UMLS:C0004626	5742673
UMLS:C0004626	149096
UMLS:C0004626	6249
UMLS:C0004626	10695961
UMLS:C0004626	9777579
UMLS:C0004626	6914282
UMLS:C0004626	2659
UMLS:C0004626	41375
UMLS:C0004626	12560
UMLS:C0004626	5361202
UMLS:C0004626	2764
UMLS:C0005586	5002
UMLS:C0005586	3964
UMLS:C0005716	3793
UMLS:C0005716	73951506
UMLS:C0005716	45039617
UMLS:C0005716	456201
UMLS:C0005716	3823
UMLS:C0005716	55283
UMLS:C0005716	47576
UMLS:C0005716	14179008
UMLS:C0005716	6917738
UMLS:C0005716	5702077
UMLS:C0005716	14179013
UMLS:C0006267	5816
UMLS:C0006267	12035
UMLS:C0006267	439260
UMLS:C0006267	5862
UMLS:C0006267	4845
UMLS:C0006277	5362065
UMLS:C0006277	54671203
UMLS:C0006277	54675783
UMLS:C0006277	6321411
UMLS:C0006277	54362
UMLS:C0006277	6604438
UMLS:C0006277	5862
UMLS:C0006277	91323352
UMLS:C0006277	5816
UMLS:C0006277	54675776
UMLS:C0006277	4539
UMLS:C0006277	4583
UMLS:C0006277	9294
UMLS:C0006277	439260
UMLS:C0006277	4845
UMLS:C0006277	4086
UMLS:C0006277	12035
UMLS:C0006277	2153
UMLS:C0006277	19003
UMLS:C0006277	54680690
UMLS:C0006277	3948
UMLS:C0006277	54675779
UMLS:C0006277	90437953
UMLS:C0006277	5403
UMLS:C0006277	92329211
UMLS:C0006277	5943039
UMLS:C0006309	19649
UMLS:C0006309	54671203
UMLS:C0006309	54675776
UMLS:C0006309	54675779
UMLS:C0006309	54675783
UMLS:C0006309	54680690
UMLS:C0006413	71296921
UMLS:C0006413	31703
UMLS:C0006413	6324671
UMLS:C0006413	5388993
UMLS:C0006413	126941
UMLS:C0006413	122172881
UMLS:C0006413	134755071
UMLS:C0006413	45358158
UMLS:C0006413	5743
UMLS:C0006413	5978
UMLS:C0006413	62313
UMLS:C0006413	3717450
UMLS:C0006444	31307
UMLS:C0006444	5755
UMLS:C0006444	5754
UMLS:C0006444	6741
UMLS:C0006444	156391
UMLS:C0006444	9782
UMLS:C0006444	1548887
UMLS:C0006444	3715
UMLS:C0006444	5743
UMLS:C0006840	468595
UMLS:C0006849	3823
UMLS:C0006849	3365
UMLS:C0006849	456201
UMLS:C0006849	47576
UMLS:C0006849	2812
UMLS:C0006849	5702077
UMLS:C0006849	73951506
UMLS:C0007117	24776445
UMLS:C0007131	36314
UMLS:C0007131	148124
UMLS:C0007131	60750
UMLS:C0007131	60780
UMLS:C0007131	123631
UMLS:C0007131	73265388
UMLS:C0007131	71296871
UMLS:C0007131	44424639
UMLS:C0007131	5672
UMLS:C0007131	13200033
UMLS:C0007131	5311497
UMLS:C0007131	135410875
UMLS:C0007134	216239
UMLS:C0007134	10113978
UMLS:C0007134	163359784
UMLS:C0007134	86277830
UMLS:C0007134	137295275
UMLS:C0007134	54608508
UMLS:C0007134	145712265
UMLS:C0007134	132274070
UMLS:C0007134	23308413
UMLS:C0007134	71312019
UMLS:C0007134	129317846
UMLS:C0007134	53486199
UMLS:C0007134	5329102
UMLS:C0007134	18293306
UMLS:C0007134	86287409
UMLS:C0007134	5284616
UMLS:C0007134	6442177
UMLS:C0007134	23724530
UMLS:C0007134	6918289
UMLS:C0007134	148191
UMLS:C0007134	71433778
UMLS:C0007194	4946
UMLS:C0007820	5504
UMLS:C0008311	3467
UMLS:C0008311	6032
UMLS:C0008311	37768
UMLS:C0008311	6249
UMLS:C0008311	33255
UMLS:C0008311	12560
UMLS:C0008312	31401
UMLS:C0008526	6215
UMLS:C0008677	3182
UMLS:C0008677	3083544
UMLS:C0009186	456201
UMLS:C0009186	47576
UMLS:C0009186	468595
UMLS:C0009186	3823
UMLS:C0009186	73951506
UMLS:C0009186	5702077
UMLS:C0009324	5755
UMLS:C0009324	54585
UMLS:C0009324	5339
UMLS:C0009324	5215
UMLS:C0009324	5754
UMLS:C0009324	4075
UMLS:C0009443	3779
UMLS:C0009443	4761
UMLS:C0009443	2710
UMLS:C0009443	9916237
UMLS:C0009443	638340
UMLS:C0009443	134767951
UMLS:C0009443	16399351
UMLS:C0009443	3000322
UMLS:C0009443	2564
UMLS:C0009443	5282443
UMLS:C0009443	67548346
UMLS:C0009443	4992
UMLS:C0009443	5184
UMLS:C0009443	11968014
UMLS:C0009443	5360696
UMLS:C0009443	2725
UMLS:C0009443	6364626
UMLS:C0009443	5282411
UMLS:C0009443	2444
UMLS:C0009443	2678
UMLS:C0009443	3957
UMLS:C0009443	452977
UMLS:C0009443	6432494
UMLS:C0009443	6451257
UMLS:C0009443	750
UMLS:C0009443	6726
UMLS:C0009443	2723877
UMLS:C0009443	9294
UMLS:C0009443	153311
UMLS:C0009443	5284456
UMLS:C0009443	1983
UMLS:C0009443	21158562
UMLS:C0009443	5284570
UMLS:C0009443	124087
UMLS:C0009443	26934
UMLS:C0009443	4786
UMLS:C0009443	7028
UMLS:C0009443	2244
UMLS:C0009443	6041
UMLS:C0009443	5284569
UMLS:C0009443	3162
UMLS:C0009443	10297
UMLS:C0009443	162265
UMLS:C0009443	2519
UMLS:C0009443	19861
UMLS:C0009443	5284371
UMLS:C0009766	5574
UMLS:C0009766	3162
UMLS:C0009766	50294
UMLS:C0009766	9878
UMLS:C0009766	19861
UMLS:C0009766	36294
UMLS:C0009766	9294
UMLS:C0009766	2200
UMLS:C0009766	26987
UMLS:C0009766	5754
UMLS:C0009766	4992
UMLS:C0009766	247839
UMLS:C0009766	16960
UMLS:C0009766	2247
UMLS:C0009766	19371515
UMLS:C0009766	4926
UMLS:C0009766	162265
UMLS:C0009766	5282443
UMLS:C0009766	2913
UMLS:C0009766	10297
UMLS:C0009766	4761
UMLS:C0009766	4786
UMLS:C0009766	11291
UMLS:C0009766	26934
UMLS:C0009766	2710
UMLS:C0009766	6041
UMLS:C0009766	164522
UMLS:C0009766	5587
UMLS:C0009766	3957
UMLS:C0009766	3348
UMLS:C0009766	2564
UMLS:C0009766	3241
UMLS:C0009766	5755
UMLS:C0009766	3658
UMLS:C0009766	14677
UMLS:C0009766	2267
UMLS:C0009766	124087
UMLS:C0009766	2678
UMLS:C0009766	3827
UMLS:C0009766	7028
UMLS:C0009766	4927
UMLS:C0009766	5743
UMLS:C0009766	3100
UMLS:C0009766	3219
UMLS:C0009766	3826
UMLS:C0009766	6726
UMLS:C0009766	54385
UMLS:C0009766	6834
UMLS:C0009766	2725
UMLS:C0009766	3103
UMLS:C0010308	5819
UMLS:C0010308	5920
UMLS:C0010691	5852
UMLS:C0010692	4539
UMLS:C0010692	2764
UMLS:C0010692	4583
UMLS:C0011608	31307
UMLS:C0011608	5755
UMLS:C0011608	2955
UMLS:C0011608	5865
UMLS:C0011608	9782
UMLS:C0011608	5754
UMLS:C0011608	5743
UMLS:C0011608	6741
UMLS:C0011608	5336
UMLS:C0011616	5755
UMLS:C0011616	31307
UMLS:C0011616	6741
UMLS:C0011616	5311066
UMLS:C0011616	5311067
UMLS:C0011616	5754
UMLS:C0011616	444036
UMLS:C0011616	15209
UMLS:C0011616	6714002
UMLS:C0011616	5743
UMLS:C0011616	6215
UMLS:C0011616	9782
UMLS:C0011616	5865
UMLS:C0011616	9642
UMLS:C0011616	443958
UMLS:C0014175	5994
UMLS:C0014175	6230
UMLS:C0014175	6291
UMLS:C0014175	25077405
UMLS:C0014175	28417
UMLS:C0014175	5526
UMLS:C0014175	5311128
UMLS:C0014179	22842006
UMLS:C0014179	5459211
UMLS:C0014179	56842327
UMLS:C0014179	9570985
UMLS:C0014179	44298077
UMLS:C0014179	5742832
UMLS:C0014179	6435415
UMLS:C0014179	5466987
UMLS:C0014179	5484131
UMLS:C0014179	54117
UMLS:C0014179	53025
UMLS:C0014179	66509024
UMLS:C0014179	91713
UMLS:C0014179	5479530
UMLS:C0014179	133687818
UMLS:C0014179	2274
UMLS:C0014179	2650
UMLS:C0014179	46173365
UMLS:C0014179	86741379
UMLS:C0014179	4173
UMLS:C0014179	23679441
UMLS:C0014179	5481173
UMLS:C0014549	4763
UMLS:C0014549	1775
UMLS:C0014549	3292
UMLS:C0014549	5284627
UMLS:C0014549	4909
UMLS:C0014549	2554
UMLS:C0014549	8271
UMLS:C0016034	28417
UMLS:C0017168	6917698
UMLS:C0017168	2769
UMLS:C0017168	3325
UMLS:C0017168	5311047
UMLS:C0017168	5029
UMLS:C0017168	4168
UMLS:C0017168	4679
UMLS:C0017168	2756
UMLS:C0017168	5353622
UMLS:C0017168	4594
UMLS:C0017168	3001055
UMLS:C0017168	3883
UMLS:C0017168	3033637
UMLS:C0017168	4594
UMLS:C0017168	5702160
UMLS:C0017168	6604902
UMLS:C0017168	44279790
UMLS:C0017205	51634
UMLS:C0017205	444020
UMLS:C0017536	237
UMLS:C0017536	4173
UMLS:C0017536	41684
UMLS:C0017574	9552079
UMLS:C0017601	2475
UMLS:C0017605	4100
UMLS:C0017605	3038
UMLS:C0017605	1986
UMLS:C0017612	33624
UMLS:C0017612	5311221
UMLS:C0017612	31477
UMLS:C0017612	9868491
UMLS:C0017612	5282226
UMLS:C0017612	5284549
UMLS:C0017612	39468
UMLS:C0017612	2369
UMLS:C0017612	5951
UMLS:C0017612	3038
UMLS:C0017612	5983
UMLS:C0017612	68844
UMLS:C0017612	1986
UMLS:C0017612	2583
UMLS:C0017612	5816
UMLS:C0017612	5910
UMLS:C0017612	36314
UMLS:C0017612	2803
UMLS:C0017612	5311027
UMLS:C0017612	4100
UMLS:C0018099	3715
UMLS:C0018099	156391
UMLS:C0018099	6167
UMLS:C0018099	135401907
UMLS:C0018213	31072
UMLS:C0018916	4946
UMLS:C0019112	5754
UMLS:C0019112	3676
UMLS:C0019112	6041
UMLS:C0019202	5852
UMLS:C0019360	135398742
UMLS:C0019360	135398513
UMLS:C0019360	135398748
UMLS:C0019655	73951506
UMLS:C0019655	14179013
UMLS:C0019655	3823
UMLS:C0019655	456201
UMLS:C0019655	55283
UMLS:C0019655	3793
UMLS:C0019655	47576
UMLS:C0019655	6917738
UMLS:C0019655	5702077
UMLS:C0019655	14179008
UMLS:C0019655	45039617
UMLS:C0020428	5833
UMLS:C0020437	6049
UMLS:C0020437	60852
UMLS:C0020459	3019
UMLS:C0020473	5819
UMLS:C0020473	8730
UMLS:C0020473	39042
UMLS:C0020473	150311
UMLS:C0020473	53232
UMLS:C0020473	938
UMLS:C0020473	4912
UMLS:C0020473	2796
UMLS:C0020473	3339
UMLS:C0020502	5282181
UMLS:C0020502	145705666
UMLS:C0020502	5283718
UMLS:C0020502	134688803
UMLS:C0020502	135391135
UMLS:C0020502	2091
UMLS:C0020502	443990
UMLS:C0020502	45073394
UMLS:C0020502	46780105
UMLS:C0020502	5284515
UMLS:C0020502	163285106
UMLS:C0020502	5283723
UMLS:C0020502	145705856
UMLS:C0020502	134694392
UMLS:C0020538	56330
UMLS:C0020538	36314
UMLS:C0020538	3702
UMLS:C0020538	2732
UMLS:C0020538	2369
UMLS:C0020538	3157
UMLS:C0020538	5401
UMLS:C0020538	91270
UMLS:C0020538	2475
UMLS:C0020538	2315
UMLS:C0020538	65866
UMLS:C0020538	60919
UMLS:C0020538	5560
UMLS:C0020538	2585
UMLS:C0020538	4170
UMLS:C0020538	4032
UMLS:C0020538	4171
UMLS:C0020538	5484727
UMLS:C0020538	2520
UMLS:C0020538	443872
UMLS:C0020538	5311447
UMLS:C0020538	5281037
UMLS:C0020538	41781
UMLS:C0020538	5388962
UMLS:C0020538	2583
UMLS:C0020538	3440
UMLS:C0020538	3647
UMLS:C0020538	54892
UMLS:C0020538	5362124
UMLS:C0020538	4631
UMLS:C0020538	44093
UMLS:C0020538	3961
UMLS:C0020538	1978
UMLS:C0020538	2405
UMLS:C0020538	60823
UMLS:C0020538	5282379
UMLS:C0020538	65999
UMLS:C0020538	16231
UMLS:C0020538	4485
UMLS:C0020538	3518
UMLS:C0020538	4688
UMLS:C0020538	3749
UMLS:C0020538	33624
UMLS:C0020538	5833
UMLS:C0020538	38853
UMLS:C0020538	107807
UMLS:C0020538	3519
UMLS:C0020538	2162
UMLS:C0020538	5546
UMLS:C0020538	39147
UMLS:C0020538	3637
UMLS:C0020538	3869
UMLS:C0020538	2720
UMLS:C0020538	3639
UMLS:C0020538	3784
UMLS:C0020538	118422671
UMLS:C0020538	71750969
UMLS:C0020538	3517
UMLS:C0020538	2249
UMLS:C0020538	39186
UMLS:C0020538	71301
UMLS:C0020538	5362129
UMLS:C0020538	4870
UMLS:C0020538	60846
UMLS:C0020538	4893
UMLS:C0020538	3333
UMLS:C0020538	4121
UMLS:C0020538	5702063
UMLS:C0020538	4499
UMLS:C0020538	4828
UMLS:C0020538	9844194
UMLS:C0020538	4474
UMLS:C0020538	5362119
UMLS:C0020538	2803
UMLS:C0020538	5770
UMLS:C0020538	189562
UMLS:C0020538	135409642
UMLS:C0020538	4946
UMLS:C0020538	4201
UMLS:C0020538	5353646
UMLS:C0020635	6013
UMLS:C0020676	5920
UMLS:C0020676	5819
UMLS:C0021141	216237
UMLS:C0021390	5743
UMLS:C0021390	5754
UMLS:C0021390	5755
UMLS:C0021390	6741
UMLS:C0021390	5865
UMLS:C0021390	9782
UMLS:C0021390	31307
UMLS:C0021775	2754
UMLS:C0022081	5755
UMLS:C0022081	5743
UMLS:C0022081	247839
UMLS:C0022081	9878
UMLS:C0022081	5754
UMLS:C0022104	11968014
UMLS:C0022104	2784
UMLS:C0022104	2723877
UMLS:C0022104	2712
UMLS:C0022104	134767951
UMLS:C0022104	3042
UMLS:C0022104	452977
UMLS:C0022104	16399351
UMLS:C0022104	638340
UMLS:C0022104	5184
UMLS:C0022104	6432494
UMLS:C0022104	5284456
UMLS:C0022104	6451257
UMLS:C0022104	153311
UMLS:C0022104	3000322
UMLS:C0022104	9916237
UMLS:C0022104	16158208
UMLS:C0022568	5754
UMLS:C0022568	5755
UMLS:C0022568	5743
UMLS:C0022575	5284373
UMLS:C0022602	71398
UMLS:C0022602	3033
UMLS:C0022602	57469
UMLS:C0022602	3385
UMLS:C0022735	6013
UMLS:C0022735	6446
UMLS:C0022735	5995
UMLS:C0023269	108150
UMLS:C0023343	2794
UMLS:C0023343	2955
UMLS:C0023434	5865
UMLS:C0023434	2708
UMLS:C0023443	439693
UMLS:C0023443	20279
UMLS:C0023465	30323
UMLS:C0023467	30323
UMLS:C0023467	31703
UMLS:C0023467	6253
UMLS:C0023467	2723601
UMLS:C0023467	4212
UMLS:C0023467	42890
UMLS:C0023467	451668
UMLS:C0023473	40839
UMLS:C0023473	24826799
UMLS:C0023473	3657
UMLS:C0023487	108143
UMLS:C0023487	30323
UMLS:C0023487	444795
UMLS:C0023487	6253
UMLS:C0023487	667490
UMLS:C0023487	42890
UMLS:C0023646	31307
UMLS:C0023827	108150
UMLS:C0023860	12560
UMLS:C0023860	54675783
UMLS:C0023860	54671203
UMLS:C0024117	3083544
UMLS:C0024198	6914282
UMLS:C0024198	2659
UMLS:C0024198	5479529
UMLS:C0024198	5361202
UMLS:C0024198	41375
UMLS:C0024299	2907
UMLS:C0024301	5743
UMLS:C0024301	45358158
UMLS:C0024301	3717450
UMLS:C0024301	9782
UMLS:C0024301	5388993
UMLS:C0024301	6324671
UMLS:C0024301	2708
UMLS:C0024301	134755071
UMLS:C0024301	122172881
UMLS:C0024301	5865
UMLS:C0024301	62313
UMLS:C0024301	31703
UMLS:C0024301	31307
UMLS:C0024301	71296921
UMLS:C0024301	6741
UMLS:C0024301	5978
UMLS:C0024301	5755
UMLS:C0024305	31307
UMLS:C0024305	71296921
UMLS:C0024305	134755071
UMLS:C0024305	3717450
UMLS:C0024305	126941
UMLS:C0024305	5865
UMLS:C0024305	122172881
UMLS:C0024305	44417235
UMLS:C0024305	6324671
UMLS:C0024305	5743
UMLS:C0024305	2578
UMLS:C0024305	133126830
UMLS:C0024305	31703
UMLS:C0024305	5453
UMLS:C0024305	45358158
UMLS:C0024305	6710780
UMLS:C0024305	11104792
UMLS:C0024305	9782
UMLS:C0024305	5978
UMLS:C0024305	241903
UMLS:C0024305	5755
UMLS:C0024305	6741
UMLS:C0024305	5754
UMLS:C0024305	62313
UMLS:C0024305	129009934
UMLS:C0024305	13342
UMLS:C0024305	5388993
UMLS:C0024305	3823887
UMLS:C0024530	4993
UMLS:C0024535	37393
UMLS:C0024535	74989
UMLS:C0024535	5344
UMLS:C0024535	3034034
UMLS:C0024535	3652
UMLS:C0024535	6178111
UMLS:C0024535	6437380
UMLS:C0024535	2719
UMLS:C0024537	3000516
UMLS:C0024537	3000506
UMLS:C0024537	456309
UMLS:C0024537	40692
UMLS:C0024537	12986439
UMLS:C0024537	4046
UMLS:C0024537	2719
UMLS:C0024537	4908
UMLS:C0024537	3652
UMLS:C0025202	3657
UMLS:C0025202	40839
UMLS:C0025281	2366
UMLS:C0025289	2655
UMLS:C0025289	6032
UMLS:C0025289	54121176
UMLS:C0025289	6533629
UMLS:C0025289	50194
UMLS:C0025289	5361848
UMLS:C0025289	12560
UMLS:C0025289	5353510
UMLS:C0025294	5959
UMLS:C0025294	133687818
UMLS:C0025294	5904
UMLS:C0025294	46173365
UMLS:C0025294	2650
UMLS:C0025294	5344
UMLS:C0025294	10695961
UMLS:C0025294	44298077
UMLS:C0025294	441130
UMLS:C0025294	5742673
UMLS:C0025294	5479530
UMLS:C0025294	6249
UMLS:C0025294	9777579
UMLS:C0025294	66509024
UMLS:C0025294	23679441
UMLS:C0025294	5484131
UMLS:C0025294	9570985
UMLS:C0025294	91713
UMLS:C0025294	5481173
UMLS:C0026764	460612
UMLS:C0026764	134780
UMLS:C0026764	2578
UMLS:C0026764	65015
UMLS:C0026764	216326
UMLS:C0026764	11556711
UMLS:C0026764	387447
UMLS:C0026764	2907
UMLS:C0026764	31703
UMLS:C0026764	5743
UMLS:C0026764	5426
UMLS:C0026769	31307
UMLS:C0026769	6741
UMLS:C0026769	5754
UMLS:C0026769	1727
UMLS:C0026769	5865
UMLS:C0026769	5755
UMLS:C0026769	5743
UMLS:C0026769	9782
UMLS:C0026857	5865
UMLS:C0026857	5755
UMLS:C0026857	31307
UMLS:C0026857	5743
UMLS:C0026857	5754
UMLS:C0026857	9782
UMLS:C0026857	6741
UMLS:C0026896	4456
UMLS:C0026948	5743
UMLS:C0026948	31307
UMLS:C0026948	5755
UMLS:C0026948	129009934
UMLS:C0026948	2907
UMLS:C0026948	6741
UMLS:C0026948	126941
UMLS:C0026948	13342
UMLS:C0026948	9782
UMLS:C0026948	5865
UMLS:C0026948	241903
UMLS:C0026948	3823887
UMLS:C0026948	5754
UMLS:C0026948	44417235
UMLS:C0026948	6710780
UMLS:C0026948	11104792
UMLS:C0026948	133126830
UMLS:C0027051	5362119
UMLS:C0027051	4171
UMLS:C0027051	54676038
UMLS:C0027051	2244
UMLS:C0027051	54680692
UMLS:C0027051	2249
UMLS:C0027145	5920
UMLS:C0027145	5819
UMLS:C0027404	3007
UMLS:C0027404	4236
UMLS:C0027404	10413
UMLS:C0027404	10413
UMLS:C0027404	5826
UMLS:C0027404	4158
UMLS:C0027708	45358158
UMLS:C0027708	6324671
UMLS:C0027708	71296921
UMLS:C0027708	122172881
UMLS:C0027708	134755071
UMLS:C0027708	62313
UMLS:C0027708	457193
UMLS:C0027708	3717450
UMLS:C0027708	5978
UMLS:C0027708	5388993
UMLS:C0027708	31703
UMLS:C0027726	5865
UMLS:C0027726	9782
UMLS:C0027726	5743
UMLS:C0027726	5755
UMLS:C0027726	6741
UMLS:C0027726	31307
UMLS:C0027726	5754
UMLS:C0027819	134755071
UMLS:C0027819	122172881
UMLS:C0027819	62313
UMLS:C0027819	71296921
UMLS:C0027819	31703
UMLS:C0027819	5978
UMLS:C0027819	6324671
UMLS:C0027819	45358158
UMLS:C0027819	5388993
UMLS:C0027819	3717450
UMLS:C0027819	2907
UMLS:C0028326	6446
UMLS:C0028840	2583
UMLS:C0028840	2369
UMLS:C0028840	31477
UMLS:C0028840	5311221
UMLS:C0028840	5311027
UMLS:C0028840	33624
UMLS:C0028840	5910
UMLS:C0028840	39468
UMLS:C0028840	68844
UMLS:C0028840	36314
UMLS:C0028840	5284549
UMLS:C0028840	9868491
UMLS:C0028840	5282226
UMLS:C0029001	124870720
UMLS:C0029001	6321424
UMLS:C0029001	4330618
UMLS:C0029001	3052
UMLS:C0029001	11957587
UMLS:C0029001	71308642
UMLS:C0029001	6419971
UMLS:C0029001	45114068
UMLS:C0029001	122172888
UMLS:C0029001	124870718
UMLS:C0029001	164186531
UMLS:C0029001	70678372
UMLS:C0029001	134687046
UMLS:C0029001	146159550
UMLS:C0029001	135391144
UMLS:C0029001	3085416
UMLS:C0029001	57182275
UMLS:C0029001	6427057
UMLS:C0029001	155970341
UMLS:C0029077	5755
UMLS:C0029077	31307
UMLS:C0029106	4891
UMLS:C0029401	3305
UMLS:C0029401	2088
UMLS:C0029401	4674
UMLS:C0029401	68740
UMLS:C0029401	5245
UMLS:C0029408	4614
UMLS:C0029408	2662
UMLS:C0029408	33741
UMLS:C0029408	3672
UMLS:C0029408	3033
UMLS:C0029408	5468
UMLS:C0029408	5509
UMLS:C0029408	3394
UMLS:C0029408	4037
UMLS:C0029408	4409
UMLS:C0029408	3342
UMLS:C0029408	3825
UMLS:C0029408	2244
UMLS:C0029408	54677470
UMLS:C0029408	3308
UMLS:C0029408	1548887
UMLS:C0029408	3715
UMLS:C0029408	151166
UMLS:C0029408	3059
UMLS:C0029408	156391
UMLS:C0029408	54676228
UMLS:C0029443	37768
UMLS:C0030409	3823
UMLS:C0030409	5702077
UMLS:C0030409	47576
UMLS:C0030409	456201
UMLS:C0030409	73951506
UMLS:C0030567	1201549
UMLS:C0030567	4919
UMLS:C0030567	34359
UMLS:C0030567	5281081
UMLS:C0030567	26757
UMLS:C0030567	2130
UMLS:C0030567	5095
UMLS:C0030567	6047
UMLS:C0030567	2381
UMLS:C0030567	439260
UMLS:C0030567	59227
UMLS:C0030567	2911
UMLS:C0030567	119570
UMLS:C0030567	31101
UMLS:C0030567	4659569
UMLS:C0030567	6005
UMLS:C0030567	92974
UMLS:C0030567	681
UMLS:C0030567	5572
UMLS:C0030567	3052776
UMLS:C0030568	4919
UMLS:C0030568	2130
UMLS:C0030568	31101
UMLS:C0030568	5572
UMLS:C0030568	2381
UMLS:C0030568	681
UMLS:C0030568	1201549
UMLS:C0030568	6047
UMLS:C0030568	34359
UMLS:C0030920	2712
UMLS:C0030920	6931560
UMLS:C0030920	637577
UMLS:C0030920	5318386
UMLS:C0030920	153311
UMLS:C0030920	3661
UMLS:C0030920	64692
UMLS:C0030920	3033637
UMLS:C0030920	174174
UMLS:C0030920	154417
UMLS:C0030920	657201
UMLS:C0030920	4934
UMLS:C0030920	4594
UMLS:C0030920	638340
UMLS:C0030920	11968014
UMLS:C0030920	6432494
UMLS:C0030920	134767951
UMLS:C0030920	4679
UMLS:C0030920	5029
UMLS:C0030920	4057
UMLS:C0030920	6451257
UMLS:C0030920	3883
UMLS:C0030920	4594
UMLS:C0030920	4848
UMLS:C0030920	16399351
UMLS:C0030920	452977
UMLS:C0030920	5184
UMLS:C0030920	3000322
UMLS:C0030920	9916237
UMLS:C0030920	5284456
UMLS:C0030920	2723877
UMLS:C0031069	6167
UMLS:C0031099	54675783
UMLS:C0031350	5904
UMLS:C0031350	19003
UMLS:C0031350	54675776
UMLS:C0031350	54675779
UMLS:C0031350	51039
UMLS:C0031350	38103
UMLS:C0031350	54362
UMLS:C0031350	54671203
UMLS:C0031350	90437953
UMLS:C0031350	6249
UMLS:C0031350	6869
UMLS:C0031350	92329211
UMLS:C0031350	5943039
UMLS:C0031350	54680690
UMLS:C0031350	5362065
UMLS:C0031350	6098
UMLS:C0031350	33613
UMLS:C0031350	6321411
UMLS:C0031350	6196
UMLS:C0031350	54675783
UMLS:C0031350	91323352
UMLS:C0031350	6604438
UMLS:C0032285	6533629
UMLS:C0032285	5361848
UMLS:C0032285	54675779
UMLS:C0032285	4583
UMLS:C0032285	2655
UMLS:C0032285	42008
UMLS:C0032285	54680690
UMLS:C0032285	51039
UMLS:C0032285	54675776
UMLS:C0032285	5353510
UMLS:C0032285	50194
UMLS:C0032285	38103
UMLS:C0032285	54121176
UMLS:C0032285	4539
UMLS:C0032285	60464
UMLS:C0032285	6024
UMLS:C0032285	54675783
UMLS:C0032290	446598
UMLS:C0032290	656511
UMLS:C0032533	5755
UMLS:C0032897	16681432
UMLS:C0033581	4583
UMLS:C0033581	38103
UMLS:C0033581	4539
UMLS:C0033581	27447
UMLS:C0033581	2764
UMLS:C0033860	126941
UMLS:C0033860	6741
UMLS:C0033860	5381
UMLS:C0033860	5865
UMLS:C0033860	5743
UMLS:C0033860	5755
UMLS:C0033860	5754
UMLS:C0033860	5284513
UMLS:C0033860	31307
UMLS:C0033860	9782
UMLS:C0034063	23576
UMLS:C0034069	5755
UMLS:C0034186	4583
UMLS:C0034186	149096
UMLS:C0034186	4539
UMLS:C0034362	54675776
UMLS:C0034362	54675779
UMLS:C0034362	54671203
UMLS:C0034362	54680690
UMLS:C0034362	54675783
UMLS:C0035258	119570
UMLS:C0035258	59227
UMLS:C0035258	5095
UMLS:C0035258	3446
UMLS:C0035335	2907
UMLS:C0035412	62313
UMLS:C0035412	45358158
UMLS:C0035412	3717450
UMLS:C0035412	134755071
UMLS:C0035412	6324671
UMLS:C0035412	5388993
UMLS:C0035412	71296921
UMLS:C0035412	457193
UMLS:C0035412	5978
UMLS:C0035412	122172881
UMLS:C0035455	10297
UMLS:C0035455	4786
UMLS:C0035455	5284371
UMLS:C0035455	162265
UMLS:C0035455	21158562
UMLS:C0035455	26934
UMLS:C0035455	67548346
UMLS:C0035455	5282411
UMLS:C0035455	9294
UMLS:C0035455	5284569
UMLS:C0035455	6041
UMLS:C0035455	6364626
UMLS:C0035455	7028
UMLS:C0035455	5360696
UMLS:C0035455	750
UMLS:C0035460	2678
UMLS:C0035460	6726
UMLS:C0035460	6834
UMLS:C0035460	2723877
UMLS:C0035460	3000322
UMLS:C0035460	638340
UMLS:C0035460	2200
UMLS:C0035460	2267
UMLS:C0035460	5282443
UMLS:C0035460	5184
UMLS:C0035460	4992
UMLS:C0035460	26934
UMLS:C0035460	9294
UMLS:C0035460	2725
UMLS:C0035460	5587
UMLS:C0035460	5360696
UMLS:C0035460	134767951
UMLS:C0035460	5284456
UMLS:C0035460	6041
UMLS:C0035460	3103
UMLS:C0035460	6451257
UMLS:C0035460	6432494
UMLS:C0035460	16399351
UMLS:C0035460	3100
UMLS:C0035460	11968014
UMLS:C0035460	2564
UMLS:C0035460	4927
UMLS:C0035460	162265
UMLS:C0035460	16960
UMLS:C0035460	11291
UMLS:C0035460	9916237
UMLS:C0035460	26987
UMLS:C0035460	10297
UMLS:C0035460	19861
UMLS:C0035460	4761
UMLS:C0035460	7028
UMLS:C0035460	124087
UMLS:C0035460	2710
UMLS:C0035460	4786
UMLS:C0035460	3957
UMLS:C0035460	3162
UMLS:C0035460	153311
UMLS:C0035460	452977
UMLS:C0035579	5283731
UMLS:C0035579	5353584
UMLS:C0035579	154701841
UMLS:C0035579	21678311
UMLS:C0035579	5280795
UMLS:C0035579	5280793
UMLS:C0035579	163198899
UMLS:C0035579	5702045
UMLS:C0035579	146159466
UMLS:C0035579	46173763
UMLS:C0035579	134715456
UMLS:C0035579	3070
UMLS:C0035579	12310749
UMLS:C0035579	5311071
UMLS:C0035579	98298821
UMLS:C0036202	9782
UMLS:C0036202	6741
UMLS:C0036202	5865
UMLS:C0036202	5754
UMLS:C0036202	5743
UMLS:C0036202	31307
UMLS:C0036202	5755
UMLS:C0036341	667467
UMLS:C0036341	5566
UMLS:C0036341	60854
UMLS:C0036341	60795
UMLS:C0036341	941651
UMLS:C0036341	4748
UMLS:C0036341	5073
UMLS:C0036341	3964
UMLS:C0036341	5002
UMLS:C0036341	4926
UMLS:C0036341	5281881
UMLS:C0036341	17012
UMLS:C0036341	5281878
UMLS:C0036341	4917
UMLS:C0036341	2726
UMLS:C0036341	46780481
UMLS:C0036341	9903970
UMLS:C0036341	163091
UMLS:C0036341	3036780
UMLS:C0036341	3559
UMLS:C0036341	60149
UMLS:C0036341	71360
UMLS:C0036341	3396
UMLS:C0036341	23897
UMLS:C0036341	4078
UMLS:C0036341	3372
UMLS:C0036341	5355
UMLS:C0036341	135398745
UMLS:C0036508	3823
UMLS:C0036508	5755
UMLS:C0036508	6741
UMLS:C0036508	9782
UMLS:C0036508	2749
UMLS:C0036508	73951506
UMLS:C0036508	6714002
UMLS:C0036508	5320
UMLS:C0036508	31307
UMLS:C0036508	443958
UMLS:C0036508	9642
UMLS:C0036508	15209
UMLS:C0036508	6215
UMLS:C0036508	444036
UMLS:C0036508	5743
UMLS:C0036508	5311067
UMLS:C0036508	5754
UMLS:C0036508	456201
UMLS:C0036508	47576
UMLS:C0036508	5311066
UMLS:C0036508	5702077
UMLS:C0036508	2722
UMLS:C0036992	5961
UMLS:C0037199	54675779
UMLS:C0037199	6098
UMLS:C0037199	54675776
UMLS:C0037199	54671203
UMLS:C0037199	54680690
UMLS:C0037199	6249
UMLS:C0037199	54675783
UMLS:C0037199	6196
UMLS:C0037769	5665
UMLS:C0038013	9782
UMLS:C0038013	156391
UMLS:C0038013	5865
UMLS:C0038013	5754
UMLS:C0038013	6741
UMLS:C0038013	5755
UMLS:C0038013	3715
UMLS:C0038013	1548887
UMLS:C0038013	5743
UMLS:C0038013	31307
UMLS:C0038013	2662
UMLS:C0038013	3033
UMLS:C0038220	3958
UMLS:C0038220	56339
UMLS:C0038220	1775
UMLS:C0038220	3016
UMLS:C0038220	5193
UMLS:C0038220	4737
UMLS:C0038325	5755
UMLS:C0038358	657201
UMLS:C0038358	2756
UMLS:C0038358	3033637
UMLS:C0038358	4057
UMLS:C0038358	3001055
UMLS:C0038358	5702160
UMLS:C0038358	4594
UMLS:C0038358	3325
UMLS:C0038358	5353622
UMLS:C0038358	3883
UMLS:C0039503	5755
UMLS:C0039503	6741
UMLS:C0039503	5754
UMLS:C0039503	9782
UMLS:C0039503	3715
UMLS:C0039503	31307
UMLS:C0039503	1548887
UMLS:C0039503	156391
UMLS:C0039520	5755
UMLS:C0039520	3715
UMLS:C0039520	31307
UMLS:C0039520	6741
UMLS:C0039520	5743
UMLS:C0039520	9782
UMLS:C0039520	5754
UMLS:C0039614	3016
UMLS:C0039614	5904
UMLS:C0039685	5280723
UMLS:C0040127	657298
UMLS:C0040147	5755
UMLS:C0040147	31307
UMLS:C0040147	9782
UMLS:C0040147	5754
UMLS:C0040147	6741
UMLS:C0040147	5743
UMLS:C0040147	5865
UMLS:C0040259	5510
UMLS:C0040259	456201
UMLS:C0040259	5353853
UMLS:C0040259	2749
UMLS:C0040259	2812
UMLS:C0040259	65863
UMLS:C0040259	73951506
UMLS:C0040259	441140
UMLS:C0040259	9782
UMLS:C0040259	47641
UMLS:C0040259	3823
UMLS:C0040259	3003141
UMLS:C0040259	5754
UMLS:C0040259	47576
UMLS:C0040259	5702077
UMLS:C0040259	3198
UMLS:C0040259	3561
UMLS:C0040259	1549008
UMLS:C0040259	4189
UMLS:C0040259	2484
UMLS:C0040259	2337
UMLS:C0040262	2484
UMLS:C0040262	456201
UMLS:C0040262	47576
UMLS:C0040262	4189
UMLS:C0040262	5353853
UMLS:C0040262	3823
UMLS:C0040262	3198
UMLS:C0040262	73951506
UMLS:C0040262	2812
UMLS:C0040262	5702077
UMLS:C0040262	2749
UMLS:C0040262	1549008
UMLS:C0040262	5510
UMLS:C0040517	3559
UMLS:C0040517	16362
UMLS:C0040558	5215
UMLS:C0040558	4993
UMLS:C0040558	5329
UMLS:C0040954	5430
UMLS:C0040954	4030
UMLS:C0040997	2554
UMLS:C0041228	5361
UMLS:C0041228	4735
UMLS:C0041321	31307
UMLS:C0041321	6741
UMLS:C0041321	5755
UMLS:C0041321	9782
UMLS:C0041321	5743
UMLS:C0041327	6234
UMLS:C0041327	136601293
UMLS:C0041327	3767
UMLS:C0041327	5951
UMLS:C0041327	2761171
UMLS:C0041327	19649
UMLS:C0041327	137270779
UMLS:C0041327	135403821
UMLS:C0041327	137286743
UMLS:C0041327	135398735
UMLS:C0041327	135550179
UMLS:C0041327	135876149
UMLS:C0041327	135900090
UMLS:C0041327	135512673
UMLS:C0041327	1046
UMLS:C0041327	135921134
UMLS:C0041327	135887820
UMLS:C0041327	137091916
UMLS:C0041327	136073066
UMLS:C0041327	136246610
UMLS:C0041327	136122663
UMLS:C0041327	135659016
UMLS:C0041327	4649
UMLS:C0041327	135749824
UMLS:C0041327	137030254
UMLS:C0041327	135448133
UMLS:C0041327	137235501
UMLS:C0041327	135968625
UMLS:C0041327	135925739
UMLS:C0041327	138404395
UMLS:C0041327	136238508
UMLS:C0041466	4539
UMLS:C0041466	4583
UMLS:C0041466	2764
UMLS:C0041466	5959
UMLS:C0042109	2913
UMLS:C0042109	5282443
UMLS:C0042109	3103
UMLS:C0042109	2564
UMLS:C0042109	4992
UMLS:C0042109	5587
UMLS:C0042109	3658
UMLS:C0042109	4926
UMLS:C0042109	3162
UMLS:C0042109	2725
UMLS:C0042109	4761
UMLS:C0042109	26987
UMLS:C0042109	3219
UMLS:C0042109	11291
UMLS:C0042109	19861
UMLS:C0042109	5574
UMLS:C0042109	2200
UMLS:C0042109	6834
UMLS:C0042109	14677
UMLS:C0042109	4927
UMLS:C0042109	16960
UMLS:C0042164	5311412
UMLS:C0042164	2723877
UMLS:C0042164	638340
UMLS:C0042164	3000322
UMLS:C0042164	153311
UMLS:C0042164	31307
UMLS:C0042164	11968014
UMLS:C0042164	5284456
UMLS:C0042164	5184
UMLS:C0042164	9878
UMLS:C0042164	6451257
UMLS:C0042164	134767951
UMLS:C0042164	5755
UMLS:C0042164	5743
UMLS:C0042164	5754
UMLS:C0042164	247839
UMLS:C0042164	452977
UMLS:C0042164	9916237
UMLS:C0042164	16399351
UMLS:C0042164	6432494
UMLS:C0042165	5743
UMLS:C0042165	36294
UMLS:C0042373	5504
UMLS:C0042900	4114
UMLS:C0042900	5585
UMLS:C0043515	3001055
UMLS:C0043515	3325
UMLS:C0043515	5353622
UMLS:C0043515	2756
UMLS:C0043515	5029
UMLS:C0043515	5702160
UMLS:C0043515	3883
UMLS:C0043515	4679
UMLS:C0043515	4594
UMLS:C0043515	4594
UMLS:C0079773	82146
UMLS:C0079773	9782
UMLS:C0079773	5311
UMLS:C0079773	9642
UMLS:C0079773	444036
UMLS:C0079773	6741
UMLS:C0079773	443958
UMLS:C0079773	5311067
UMLS:C0079773	4114
UMLS:C0079773	5865
UMLS:C0079773	6714002
UMLS:C0079773	5754
UMLS:C0079773	31307
UMLS:C0079773	6215
UMLS:C0079773	15209
UMLS:C0079773	5755
UMLS:C0079773	5311066
UMLS:C0079773	5743
UMLS:C0085413	216237
UMLS:C0085437	46173365
UMLS:C0085437	9570985
UMLS:C0085437	41375
UMLS:C0085437	10695961
UMLS:C0085437	5742673
UMLS:C0085437	5361202
UMLS:C0085437	3467
UMLS:C0085437	23679441
UMLS:C0085437	441130
UMLS:C0085437	2659
UMLS:C0085437	6914282
UMLS:C0085437	5479530
UMLS:C0085437	9777579
UMLS:C0085437	37768
UMLS:C0085437	2650
UMLS:C0085437	6249
UMLS:C0085437	5481173
UMLS:C0085437	36294
UMLS:C0085437	5484131
UMLS:C0085437	91713
UMLS:C0085437	44298077
UMLS:C0085437	66509024
UMLS:C0085437	133687818
UMLS:C0085437	5479529
UMLS:C0085682	21678311
UMLS:C0085682	154701841
UMLS:C0085682	163198899
UMLS:C0085682	46173763
UMLS:C0085682	5280453
UMLS:C0085682	146159466
UMLS:C0085682	5702045
UMLS:C0085682	98298821
UMLS:C0085682	5283731
UMLS:C0085682	3070
UMLS:C0085682	134715456
UMLS:C0085682	5311071
UMLS:C0085682	12310749
UMLS:C0085682	5353584
UMLS:C0155862	5904
UMLS:C0155862	11693521
UMLS:C0155862	46783745
UMLS:C0155862	5464436
UMLS:C0155862	3002190
UMLS:C0155862	29980780
UMLS:C0155862	152946
UMLS:C0155862	72938
UMLS:C0155862	9571107
UMLS:C0155862	150610
UMLS:C0155862	6249
UMLS:C0155862	33613
UMLS:C0155862	22525209
UMLS:C0155862	73658
UMLS:C0155862	4583
UMLS:C0155862	446598
UMLS:C0155862	70789201
UMLS:C0155862	5491295
UMLS:C0155862	202225
UMLS:C0155862	84029
UMLS:C0155862	71306735
UMLS:C0155862	16667730
UMLS:C0155862	24847865
UMLS:C0155862	134695314
UMLS:C0155862	71296916
UMLS:C0155862	447043
UMLS:C0155862	5479537
UMLS:C0155862	138402871
UMLS:C0155862	118701745
UMLS:C0155862	5379
UMLS:C0155862	4539
UMLS:C0155862	149096
UMLS:C0155862	92043103
UMLS:C0155862	16726873
UMLS:C0155862	23958736
UMLS:C0155862	5496803
UMLS:C0155862	12560
UMLS:C0155862	91810863
UMLS:C0162565	4926
UMLS:C0162565	2726
UMLS:C0238111	2554
UMLS:C0238111	3331
UMLS:C0238111	3878
UMLS:C0238111	5284627
UMLS:C0238111	3958
UMLS:C0238111	129228
UMLS:C0238111	1775
UMLS:C0238111	2802
UMLS:C0238111	4763
UMLS:C0238111	2789
UMLS:C0238111	4909
UMLS:C0238198	11167602
UMLS:C0238198	5329102
UMLS:C0342907	150311
UMLS:C0476089	11683
UMLS:C0476089	5994
UMLS:C0553580	457193
UMLS:C0677607	5819
UMLS:C0700345	2812
UMLS:C0700345	4189
UMLS:C0700345	47472
UMLS:C0700345	3365
UMLS:C0700345	441383
UMLS:C0700345	5333
UMLS:C0700345	5482
UMLS:C1260899	5865
UMLS:C1260899	6741
UMLS:C1260899	5754
UMLS:C1260899	31307
UMLS:C1260899	5755
UMLS:C1260899	9782
UMLS:C1260899	5743
UMLS:C2607914	134767951
UMLS:C2607914	16960
UMLS:C2607914	2267
UMLS:C2607914	124087
UMLS:C2607914	14677
UMLS:C2607914	5281004
UMLS:C2607914	9854489
UMLS:C2607914	638340
UMLS:C2607914	4887
UMLS:C2607914	2200
UMLS:C2607914	2519
UMLS:C2607914	6726
UMLS:C2607914	11291
UMLS:C2607914	4761
UMLS:C2607914	444036
UMLS:C2607914	82153
UMLS:C2607914	2564
UMLS:C2607914	16399351
UMLS:C2607914	3348
UMLS:C2607914	5281040
UMLS:C2607914	31307
UMLS:C2607914	5284569
UMLS:C2607914	750
UMLS:C2607914	5865
UMLS:C2607914	2247
UMLS:C2607914	5755
UMLS:C2607914	6741
UMLS:C2607914	26987
UMLS:C2607914	3658
UMLS:C2607914	6918155
UMLS:C2607914	5743
UMLS:C2607914	9916237
UMLS:C2607914	10297
UMLS:C2607914	9782
UMLS:C2607914	19861
UMLS:C2607914	6432494
UMLS:C2607914	4786
UMLS:C2607914	5587
UMLS:C2607914	6451257
UMLS:C2607914	9294
UMLS:C2607914	4926
UMLS:C2607914	1983
UMLS:C2607914	26934
UMLS:C2607914	5754
UMLS:C2607914	6041
UMLS:C2607914	3000322
UMLS:C2607914	5184
UMLS:C2607914	3957
UMLS:C2607914	11968014
UMLS:C2607914	153311
UMLS:C2607914	5284371
UMLS:C2607914	2725
UMLS:C2607914	5282443
UMLS:C2607914	3162
UMLS:C2607914	2913
UMLS:C2607914	5284456
UMLS:C2607914	7028
UMLS:C2607914	4992
UMLS:C2607914	6834
UMLS:C2607914	5360696
UMLS:C2607914	5282411
UMLS:C2607914	6364626
UMLS:C2607914	67548346
UMLS:C2607914	3103
UMLS:C2607914	5311066
UMLS:C2607914	452977
UMLS:C2607914	162265
UMLS:C2607914	2710
UMLS:C2607914	2723877
UMLS:C2607914	2678
UMLS:C2607914	21158562
UMLS:C2607914	5574
